close,datetime,high,low,open,date,time,ema,day,position
25979.75,2025-10-29 09:15:00,26022.05,25968.35,25979.9,2025-10-29,09:15:00,25979.75,2,1
25988.55,2025-10-29 09:20:00,25992.5,25968.4,25980.55,2025-10-29,09:20:00,25980.588095238094,2,2
26010.0,2025-10-29 09:25:00,26016.85,25988.15,25990.3,2025-10-29,09:25:00,25983.389229024942,2,3
25996.35,2025-10-29 09:30:00,26024.8,25996.3,26010.75,2025-10-29,09:30:00,25984.62358816542,2,4
25965.2,2025-10-29 09:35:00,25996.9,25963.35,25996.9,2025-10-29,09:35:00,25982.773722625854,2,5
25972.3,2025-10-29 09:40:00,25975.25,25960.55,25965.7,2025-10-29,09:40:00,25981.776225232916,2,6
25968.15,2025-10-29 09:45:00,25995.5,25965.0,25970.55,2025-10-29,09:45:00,25980.47848949645,2,7
25988.2,2025-10-29 09:50:00,25988.75,25966.0,25968.15,2025-10-29,09:50:00,25981.21387144917,2,8
25983.7,2025-10-29 09:55:00,25995.6,25979.25,25988.4,2025-10-29,09:55:00,25981.450645596866,2,9
25995.55,2025-10-29 10:00:00,26004.95,25983.6,25983.6,2025-10-29,10:00:00,25982.793441254307,2,10
25998.65,2025-10-29 10:05:00,25999.2,25986.1,25996.0,2025-10-29,10:05:00,25984.303589706276,2,11
25997.7,2025-10-29 10:10:00,26016.25,25994.3,25997.8,2025-10-29,10:10:00,25985.57943830568,2,12
25987.95,2025-10-29 10:15:00,26003.95,25987.65,25998.2,2025-10-29,10:15:00,25985.80520608609,2,13
26012.0,2025-10-29 10:20:00,26018.45,25988.75,25988.75,2025-10-29,10:20:00,25988.299948363605,2,14
26040.4,2025-10-29 10:25:00,26042.35,26011.45,26012.3,2025-10-29,10:25:00,25993.26185804326,2,15
26061.25,2025-10-29 10:30:00,26064.0,26038.35,26040.9,2025-10-29,10:30:00,25999.736919181996,2,16
26043.75,2025-10-29 10:35:00,26062.3,26043.3,26060.75,2025-10-29,10:35:00,26003.92864116466,2,17
26046.15,2025-10-29 10:40:00,26050.45,26040.75,26043.65,2025-10-29,10:40:00,26007.949722958503,2,18
26036.3,2025-10-29 10:45:00,26050.6,26034.75,26045.8,2025-10-29,10:45:00,26010.649749343407,2,19
26024.9,2025-10-29 10:50:00,26040.5,26022.0,26035.05,2025-10-29,10:50:00,26012.006916072605,2,20
26041.4,2025-10-29 10:55:00,26047.6,26022.55,26023.6,2025-10-29,10:55:00,26014.806257399025,2,21
26032.9,2025-10-29 11:00:00,26046.95,26031.6,26040.3,2025-10-29,11:00:00,26016.52947098007,2,22
26035.5,2025-10-29 11:05:00,26038.1,26030.35,26032.7,2025-10-29,11:05:00,26018.336188029585,2,23
26022.45,2025-10-29 11:10:00,26045.35,26017.7,26035.7,2025-10-29,11:10:00,26018.727979645813,2,24
26014.95,2025-10-29 11:15:00,26028.8,26007.9,26022.3,2025-10-29,11:15:00,26018.368172060495,2,25
26035.55,2025-10-29 11:20:00,26039.65,26011.1,26014.85,2025-10-29,11:20:00,26020.004536626162,2,26
26040.7,2025-10-29 11:25:00,26049.0,26034.6,26035.5,2025-10-29,11:25:00,26021.975533137957,2,27
26037.2,2025-10-29 11:30:00,26043.95,26032.0,26040.35,2025-10-29,11:30:00,26023.425482362913,2,28
26041.5,2025-10-29 11:35:00,26042.5,26028.5,26036.85,2025-10-29,11:35:00,26025.14686499502,2,29
26049.6,2025-10-29 11:40:00,26053.95,26035.25,26040.2,2025-10-29,11:40:00,26027.475734995493,2,30
26038.85,2025-10-29 11:45:00,26052.65,26036.3,26049.55,2025-10-29,11:45:00,26028.558998329252,2,31
26034.45,2025-10-29 11:50:00,26041.1,26033.1,26038.7,2025-10-29,11:50:00,26029.12004610742,2,32
26034.2,2025-10-29 11:55:00,26035.6,26024.45,26034.85,2025-10-29,11:55:00,26029.603851240045,2,33
26045.6,2025-10-29 12:00:00,26046.1,26025.55,26034.8,2025-10-29,12:00:00,26031.127293979087,2,34
26057.65,2025-10-29 12:05:00,26061.4,26043.35,26046.8,2025-10-29,12:05:00,26033.65326598108,2,35
26054.75,2025-10-29 12:10:00,26063.65,26052.75,26057.7,2025-10-29,12:10:00,26035.662478744787,2,36
26058.8,2025-10-29 12:15:00,26062.7,26053.15,26055.2,2025-10-29,12:15:00,26037.866052197664,2,37
26049.75,2025-10-29 12:20:00,26061.1,26049.55,26059.6,2025-10-29,12:20:00,26038.99785675027,2,38
26065.3,2025-10-29 12:25:00,26069.35,26048.95,26049.95,2025-10-29,12:25:00,26041.502822774055,2,39
26056.95,2025-10-29 12:30:00,26076.2,26056.0,26065.95,2025-10-29,12:30:00,26042.97398250986,2,40
26064.0,2025-10-29 12:35:00,26067.55,26056.85,26056.85,2025-10-29,12:35:00,26044.976460366062,2,41
26073.0,2025-10-29 12:40:00,26076.55,26061.65,26064.2,2025-10-29,12:40:00,26047.64536890263,2,42
26080.4,2025-10-29 12:45:00,26083.9,26072.1,26073.05,2025-10-29,12:45:00,26050.76485757857,2,43
26071.7,2025-10-29 12:50:00,26082.05,26068.6,26082.05,2025-10-29,12:50:00,26052.758680666328,2,44
26073.85,2025-10-29 12:55:00,26075.85,26067.95,26071.85,2025-10-29,12:55:00,26054.767377745724,2,45
26058.7,2025-10-29 13:00:00,26077.45,26058.5,26073.9,2025-10-29,13:00:00,26055.141913198513,2,46
26077.2,2025-10-29 13:05:00,26079.25,26056.95,26059.4,2025-10-29,13:05:00,26057.24268337008,2,47
26080.25,2025-10-29 13:10:00,26084.3,26073.05,26077.65,2025-10-29,13:10:00,26059.433856382453,2,48
26082.65,2025-10-29 13:15:00,26085.25,26076.6,26080.0,2025-10-29,13:15:00,26061.64491767936,2,49
26079.35,2025-10-29 13:20:00,26085.15,26072.95,26082.2,2025-10-29,13:20:00,26063.331115995614,2,50
26067.15,2025-10-29 13:25:00,26082.25,26066.15,26080.85,2025-10-29,13:25:00,26063.694819234126,2,51
26089.7,2025-10-29 13:30:00,26091.1,26064.3,26068.0,2025-10-29,13:30:00,26066.17150311659,2,52
26094.65,2025-10-29 13:35:00,26095.95,26083.55,26090.2,2025-10-29,13:35:00,26068.88374091501,2,53
26072.0,2025-10-29 13:40:00,26097.85,26070.4,26095.4,2025-10-29,13:40:00,26069.180527494533,2,54
26069.95,2025-10-29 13:45:00,26080.25,26065.5,26072.65,2025-10-29,13:45:00,26069.25381059029,2,55
26076.35,2025-10-29 13:50:00,26076.6,26069.55,26069.55,2025-10-29,13:50:00,26069.92963815312,2,56
26060.4,2025-10-29 13:55:00,26079.0,26058.4,26076.75,2025-10-29,13:55:00,26069.02205356711,2,57
26046.0,2025-10-29 14:00:00,26061.4,26041.2,26061.4,2025-10-29,14:00:00,26066.82947703691,2,58
26042.05,2025-10-29 14:05:00,26052.45,26038.9,26046.0,2025-10-29,14:05:00,26064.46952684292,2,59
26052.85,2025-10-29 14:10:00,26055.75,26042.95,26043.05,2025-10-29,14:10:00,26063.362905238835,2,60
26081.3,2025-10-29 14:15:00,26082.4,26051.85,26053.15,2025-10-29,14:15:00,26065.071199977996,2,61
26050.35,2025-10-29 14:20:00,26081.9,26047.3,26081.75,2025-10-29,14:20:00,26063.669180932473,2,62
26059.85,2025-10-29 14:25:00,26060.95,26048.9,26051.2,2025-10-29,14:25:00,26063.305449415093,2,63
26055.5,2025-10-29 14:30:00,26065.8,26054.7,26060.65,2025-10-29,14:30:00,26062.56207328032,2,64
26059.5,2025-10-29 14:35:00,26060.3,26047.7,26056.45,2025-10-29,14:35:00,26062.270447253624,2,65
26055.75,2025-10-29 14:40:00,26063.1,26048.5,26059.95,2025-10-29,14:40:00,26061.649452277088,2,66
26022.1,2025-10-29 14:45:00,26057.5,26021.6,26056.95,2025-10-29,14:45:00,26057.88283777451,2,67
26038.65,2025-10-29 14:50:00,26048.65,26015.3,26022.5,2025-10-29,14:50:00,26056.05113893884,2,68
26045.9,2025-10-29 14:55:00,26047.9,26035.1,26039.8,2025-10-29,14:55:00,26055.08436380181,2,69
26040.5,2025-10-29 15:00:00,26046.95,26037.9,26046.95,2025-10-29,15:00:00,26053.695376773063,2,70
26039.3,2025-10-29 15:05:00,26046.9,26038.8,26041.25,2025-10-29,15:05:00,26052.32438850896,2,71
26043.55,2025-10-29 15:10:00,26045.5,26036.95,26039.05,2025-10-29,15:10:00,26051.488732460486,2,72
26054.3,2025-10-29 15:15:00,26055.45,26042.8,26044.8,2025-10-29,15:15:00,26051.756472226152,2,73
26065.95,2025-10-29 15:20:00,26070.7,26050.8,26054.9,2025-10-29,15:20:00,26053.108236776043,2,74
26068.3,2025-10-29 15:25:00,26075.5,26062.6,26067.65,2025-10-29,15:25:00,26054.555071368803,2,75
25984.4,2025-10-30 09:10:00,25984.4,25984.4,25984.4,2025-10-30,09:10:00,26047.873636000346,3,1
25985.15,2025-10-30 09:15:00,26028.3,25965.5,26006.4,2025-10-30,09:15:00,26041.899956381265,3,2
25983.9,2025-10-30 09:20:00,25991.8,25964.2,25982.05,2025-10-30,09:20:00,26036.376151011624,3,3
25978.7,2025-10-30 09:25:00,25993.2,25972.15,25983.25,2025-10-30,09:25:00,26030.883184248614,3,4
25933.45,2025-10-30 09:30:00,25978.85,25933.15,25978.85,2025-10-30,09:30:00,26021.603833367793,3,5
25940.4,2025-10-30 09:35:00,25951.45,25932.15,25933.3,2025-10-30,09:35:00,26013.870134951812,3,6
25921.55,2025-10-30 09:40:00,25941.35,25915.65,25939.6,2025-10-30,09:40:00,26005.077741146877,3,7
25930.0,2025-10-30 09:45:00,25930.3,25911.05,25921.25,2025-10-30,09:45:00,25997.92748008527,3,8
25901.65,2025-10-30 09:50:00,25942.35,25900.25,25930.75,2025-10-30,09:50:00,25988.758196267623,3,9
25905.85,2025-10-30 09:55:00,25912.05,25892.75,25901.4,2025-10-30,09:55:00,25980.86217757547,3,10
25914.6,2025-10-30 10:00:00,25916.85,25900.4,25906.55,2025-10-30,10:00:00,25974.551493996853,3,11
25946.25,2025-10-30 10:05:00,25948.5,25914.15,25914.15,2025-10-30,10:05:00,25971.8561136162,3,12
25959.45,2025-10-30 10:10:00,25959.85,25936.55,25944.9,2025-10-30,10:10:00,25970.674578986083,3,13
25929.65,2025-10-30 10:15:00,25967.4,25928.4,25959.5,2025-10-30,10:15:00,25966.767476225505,3,14
25953.7,2025-10-30 10:20:00,25959.4,25928.35,25929.6,2025-10-30,10:20:00,25965.52295468022,3,15
25938.05,2025-10-30 10:25:00,25955.0,25938.05,25953.6,2025-10-30,10:25:00,25962.906482805913,3,16
25920.7,2025-10-30 10:30:00,25942.0,25920.25,25938.5,2025-10-30,10:30:00,25958.88681777678,3,17
25930.15,2025-10-30 10:35:00,25938.25,25920.15,25920.8,2025-10-30,10:35:00,25956.149977988516,3,18
25917.8,2025-10-30 10:40:00,25931.4,25912.3,25930.75,2025-10-30,10:40:00,25952.497599132465,3,19
25919.5,2025-10-30 10:45:00,25926.7,25913.35,25918.2,2025-10-30,10:45:00,25949.354970643657,3,20
25920.1,2025-10-30 10:50:00,25931.35,25917.65,25919.1,2025-10-30,10:50:00,25946.568782963306,3,21
25916.35,2025-10-30 10:55:00,25932.2,25914.75,25919.75,2025-10-30,10:55:00,25943.690803633468,3,22
25930.75,2025-10-30 11:00:00,25931.4,25911.95,25916.55,2025-10-30,11:00:00,25942.458346144565,3,23
25940.3,2025-10-30 11:05:00,25946.35,25928.6,25930.65,2025-10-30,11:05:00,25942.252789368893,3,24
25956.1,2025-10-30 11:10:00,25957.4,25937.75,25940.35,2025-10-30,11:10:00,25943.57157133376,3,25
25955.05,2025-10-30 11:15:00,25962.9,25947.25,25956.3,2025-10-30,11:15:00,25944.66475501626,3,26
25970.75,2025-10-30 11:20:00,25975.0,25950.1,25954.65,2025-10-30,11:20:00,25947.14906406233,3,27
25954.65,2025-10-30 11:25:00,25973.1,25954.25,25970.9,2025-10-30,11:25:00,25947.86343891354,3,28
25942.45,2025-10-30 11:30:00,25957.5,25940.5,25954.3,2025-10-30,11:30:00,25947.34787330273,3,29
25936.25,2025-10-30 11:35:00,25942.5,25931.45,25942.1,2025-10-30,11:35:00,25946.290932988188,3,30
25931.8,2025-10-30 11:40:00,25938.4,25930.7,25936.8,2025-10-30,11:40:00,25944.91084413217,3,31
25935.6,2025-10-30 11:45:00,25937.7,25928.6,25931.75,2025-10-30,11:45:00,25944.02409707196,3,32
25909.35,2025-10-30 11:50:00,25940.4,25908.35,25935.3,2025-10-30,11:50:00,25940.721802112726,3,33
25906.9,2025-10-30 11:55:00,25912.35,25902.25,25909.7,2025-10-30,11:55:00,25937.50067810199,3,34
25914.9,2025-10-30 12:00:00,25918.7,25904.4,25907.05,2025-10-30,12:00:00,25935.348232568467,3,35
25910.85,2025-10-30 12:05:00,25923.95,25906.05,25915.4,2025-10-30,12:05:00,25933.015067561948,3,36
25912.25,2025-10-30 12:10:00,25917.55,25909.55,25909.85,2025-10-30,12:10:00,25931.037442079858,3,37
25899.6,2025-10-30 12:15:00,25917.9,25898.9,25911.85,2025-10-30,12:15:00,25928.043399977018,3,38
25921.0,2025-10-30 12:20:00,25922.0,25896.9,25899.8,2025-10-30,12:20:00,25927.372599979208,3,39
25919.95,2025-10-30 12:25:00,25927.3,25917.2,25921.3,2025-10-30,12:25:00,25926.665685695472,3,40
25911.4,2025-10-30 12:30:00,25921.25,25902.35,25919.7,2025-10-30,12:30:00,25925.21181086733,3,41
25920.2,2025-10-30 12:35:00,25926.45,25909.0,25911.45,2025-10-30,12:35:00,25924.734495546632,3,42
25920.45,2025-10-30 12:40:00,25924.8,25912.3,25921.2,2025-10-30,12:40:00,25924.326448351712,3,43
25920.5,2025-10-30 12:45:00,25927.6,25918.2,25919.55,2025-10-30,12:45:00,25923.96202469917,3,44
25916.65,2025-10-30 12:50:00,25922.75,25915.2,25920.7,2025-10-30,12:50:00,25923.265641394486,3,45
25906.5,2025-10-30 12:55:00,25918.45,25905.8,25916.85,2025-10-30,12:55:00,25921.66891364263,3,46
25910.75,2025-10-30 13:00:00,25912.05,25901.5,25907.25,2025-10-30,13:00:00,25920.629017105235,3,47
25910.0,2025-10-30 13:05:00,25923.45,25903.3,25911.05,2025-10-30,13:05:00,25919.61672976188,3,48
25923.05,2025-10-30 13:10:00,25925.15,25909.75,25911.5,2025-10-30,13:10:00,25919.943707879796,3,49
25925.8,2025-10-30 13:15:00,25932.15,25914.55,25924.0,2025-10-30,13:15:00,25920.501449986485,3,50
25905.35,2025-10-30 13:20:00,25932.35,25902.1,25926.0,2025-10-30,13:20:00,25919.058454749676,3,51
25896.9,2025-10-30 13:25:00,25912.15,25893.65,25906.2,2025-10-30,13:25:00,25916.948125725896,3,52
25877.6,2025-10-30 13:30:00,25901.2,25872.15,25896.3,2025-10-30,13:30:00,25913.20068518057,3,53
25881.15,2025-10-30 13:35:00,25887.9,25867.15,25878.2,2025-10-30,13:35:00,25910.1482389729,3,54
25880.8,2025-10-30 13:40:00,25885.3,25874.25,25881.85,2025-10-30,13:40:00,25907.353168594527,3,55
25866.35,2025-10-30 13:45:00,25883.2,25864.45,25881.25,2025-10-30,13:45:00,25903.448104918858,3,56
25882.45,2025-10-30 13:50:00,25885.55,25865.65,25866.45,2025-10-30,13:50:00,25901.448285402777,3,57
25889.0,2025-10-30 13:55:00,25893.65,25865.15,25882.7,2025-10-30,13:55:00,25900.262734412034,3,58
25878.35,2025-10-30 14:00:00,25892.4,25870.8,25889.7,2025-10-30,14:00:00,25898.175807325173,3,59
25874.75,2025-10-30 14:05:00,25882.25,25872.6,25878.7,2025-10-30,14:05:00,25895.94477805611,3,60
25889.35,2025-10-30 14:10:00,25889.8,25874.5,25875.5,2025-10-30,14:10:00,25895.316703955526,3,61
25882.95,2025-10-30 14:15:00,25890.3,25872.65,25887.75,2025-10-30,14:15:00,25894.13892262643,3,62
25901.3,2025-10-30 14:20:00,25917.8,25882.45,25884.0,2025-10-30,14:20:00,25894.82092999534,3,63
25895.85,2025-10-30 14:25:00,25904.75,25893.1,25902.0,2025-10-30,14:25:00,25894.918936662452,3,64
25877.15,2025-10-30 14:30:00,25909.9,25872.05,25896.85,2025-10-30,14:30:00,25893.226656980314,3,65
25886.2,2025-10-30 14:35:00,25900.35,25875.8,25876.55,2025-10-30,14:35:00,25892.557451553617,3,66
25904.6,2025-10-30 14:40:00,25909.7,25884.65,25885.55,2025-10-30,14:40:00,25893.704360929463,3,67
25881.15,2025-10-30 14:45:00,25911.75,25875.9,25904.8,2025-10-30,14:45:00,25892.508707507608,3,68
25861.0,2025-10-30 14:50:00,25881.9,25860.95,25881.45,2025-10-30,14:50:00,25889.50787822117,3,69
25862.3,2025-10-30 14:55:00,25868.95,25845.55,25862.05,2025-10-30,14:55:00,25886.916651723917,3,70
25863.55,2025-10-30 15:00:00,25888.85,25862.55,25863.1,2025-10-30,15:00:00,25884.69125632164,3,71
25866.05,2025-10-30 15:05:00,25877.2,25862.4,25865.1,2025-10-30,15:05:00,25882.91589857672,3,72
25873.75,2025-10-30 15:10:00,25881.5,25861.9,25867.2,2025-10-30,15:10:00,25882.04295585513,3,73
25885.35,2025-10-30 15:15:00,25888.1,25873.8,25874.6,2025-10-30,15:15:00,25882.357912440355,3,74
25883.6,2025-10-30 15:20:00,25889.65,25879.95,25887.7,2025-10-30,15:20:00,25882.476206493655,3,75
25891.2,2025-10-30 15:25:00,25893.95,25882.0,25882.4,2025-10-30,15:25:00,25883.30704397045,3,76
25863.8,2025-10-31 09:10:00,25863.8,25863.8,25863.8,2025-10-31,09:10:00,25881.44923025898,4,1
25862.85,2025-10-31 09:15:00,25875.9,25822.2,25869.4,2025-10-31,09:15:00,25879.677874996218,4,2
25894.05,2025-10-31 09:20:00,25895.05,25840.5,25863.65,2025-10-31,09:20:00,25881.0466488061,4,3
25914.9,2025-10-31 09:25:00,25927.15,25891.75,25895.8,2025-10-31,09:25:00,25884.27077749123,4,4
25947.3,2025-10-31 09:30:00,25948.4,25913.8,25914.9,2025-10-31,09:30:00,25890.273560587306,4,5
25941.1,2025-10-31 09:35:00,25953.7,25940.15,25946.35,2025-10-31,09:35:00,25895.114173864706,4,6
25926.65,2025-10-31 09:40:00,25950.15,25921.45,25942.15,2025-10-31,09:40:00,25898.117585877593,4,7
25926.65,2025-10-31 09:45:00,25937.6,25916.3,25926.55,2025-10-31,09:45:00,25900.834958651158,4,8
25923.4,2025-10-31 09:50:00,25929.3,25910.2,25926.6,2025-10-31,09:50:00,25902.98401020819,4,9
25924.55,2025-10-31 09:55:00,25935.05,25918.95,25924.55,2025-10-31,09:55:00,25905.037913997887,4,10
25889.5,2025-10-31 10:00:00,25929.55,25887.75,25926.15,2025-10-31,10:00:00,25903.558112664756,4,11
25873.95,2025-10-31 10:05:00,25892.15,25866.4,25889.55,2025-10-31,10:05:00,25900.73829241097,4,12
25879.0,2025-10-31 10:10:00,25880.95,25865.1,25873.35,2025-10-31,10:10:00,25898.66797884802,4,13
25859.75,2025-10-31 10:15:00,25876.8,25847.9,25876.8,2025-10-31,10:15:00,25894.961504672017,4,14
25831.2,2025-10-31 10:20:00,25859.15,25827.0,25859.15,2025-10-31,10:20:00,25888.88898041754,4,15
25836.55,2025-10-31 10:25:00,25839.85,25823.15,25830.95,2025-10-31,10:25:00,25883.904315615873,4,16
25810.6,2025-10-31 10:30:00,25837.05,25801.3,25836.6,2025-10-31,10:30:00,25876.922952223882,4,17
25797.4,2025-10-31 10:35:00,25810.25,25788.85,25810.05,2025-10-31,10:35:00,25869.34933772637,4,18
25818.75,2025-10-31 10:40:00,25819.6,25791.85,25797.3,2025-10-31,10:40:00,25864.530353181002,4,19
25825.6,2025-10-31 10:45:00,25830.7,25817.2,25818.2,2025-10-31,10:45:00,25860.822700497098,4,20
25805.4,2025-10-31 10:50:00,25825.25,25805.4,25825.25,2025-10-31,10:50:00,25855.544348068805,4,21
25801.15,2025-10-31 10:55:00,25808.8,25797.85,25806.1,2025-10-31,10:55:00,25850.363933967015,4,22
25777.75,2025-10-31 11:00:00,25802.25,25768.5,25801.05,2025-10-31,11:00:00,25843.448321208252,4,23
25781.55,2025-10-31 11:05:00,25786.15,25775.4,25776.9,2025-10-31,11:05:00,25837.553242997943,4,24
25777.2,2025-10-31 11:10:00,25786.0,25763.35,25781.55,2025-10-31,11:10:00,25831.805315093377,4,25
25787.45,2025-10-31 11:15:00,25788.15,25769.55,25776.4,2025-10-31,11:15:00,25827.5809993702,4,26
25791.9,2025-10-31 11:20:00,25794.05,25779.75,25787.65,2025-10-31,11:20:00,25824.182808953992,4,27
25777.7,2025-10-31 11:25:00,25793.25,25774.55,25791.6,2025-10-31,11:25:00,25819.755874767896,4,28
25795.75,2025-10-31 11:30:00,25797.45,25773.7,25778.1,2025-10-31,11:30:00,25817.46960098048,4,29
25793.5,2025-10-31 11:35:00,25801.25,25792.2,25795.65,2025-10-31,11:35:00,25815.186781839482,4,30
25806.25,2025-10-31 11:40:00,25809.55,25787.2,25791.8,2025-10-31,11:40:00,25814.33565975953,4,31
25794.95,2025-10-31 11:45:00,25808.2,25794.1,25805.25,2025-10-31,11:45:00,25812.4894064491,4,32
25817.9,2025-10-31 11:50:00,25818.2,25791.35,25794.85,2025-10-31,11:50:00,25813.004701072994,4,33
25819.8,2025-10-31 11:55:00,25819.8,25809.5,25817.8,2025-10-31,11:55:00,25813.651872399376,4,34
25825.85,2025-10-31 12:00:00,25828.35,25817.35,25818.3,2025-10-31,12:00:00,25814.81359883753,4,35
25822.25,2025-10-31 12:05:00,25826.35,25814.8,25825.45,2025-10-31,12:05:00,25815.521827519668,4,36
25798.15,2025-10-31 12:10:00,25834.75,25796.6,25822.25,2025-10-31,12:10:00,25813.86736775589,4,37
25810.6,2025-10-31 12:15:00,25811.7,25796.85,25797.6,2025-10-31,12:15:00,25813.556189874376,4,38
25790.85,2025-10-31 12:20:00,25811.4,25788.7,25810.0,2025-10-31,12:20:00,25811.393695600626,4,39
25787.15,2025-10-31 12:25:00,25792.6,25781.75,25789.9,2025-10-31,12:25:00,25809.08477221009,4,40
25792.2,2025-10-31 12:30:00,25792.2,25779.9,25786.9,2025-10-31,12:30:00,25807.476698666276,4,41
25799.0,2025-10-31 12:35:00,25799.0,25784.75,25791.9,2025-10-31,12:35:00,25806.669394031393,4,42
25791.45,2025-10-31 12:40:00,25807.95,25788.0,25798.25,2025-10-31,12:40:00,25805.219927933165,4,43
25791.05,2025-10-31 12:45:00,25795.3,25784.55,25790.4,2025-10-31,12:45:00,25803.87041098715,4,44
25791.55,2025-10-31 12:50:00,25798.75,25785.6,25790.4,2025-10-31,12:50:00,25802.697038512182,4,45
25794.85,2025-10-31 12:55:00,25806.1,25790.65,25791.6,2025-10-31,12:55:00,25801.949701511025,4,46
25811.65,2025-10-31 13:00:00,25811.65,25790.25,25793.4,2025-10-31,13:00:00,25802.873539462355,4,47
25813.05,2025-10-31 13:05:00,25816.4,25806.0,25811.85,2025-10-31,13:05:00,25803.842726180228,4,48
25800.65,2025-10-31 13:10:00,25812.0,25798.85,25812.0,2025-10-31,13:10:00,25803.538657020206,4,49
25808.35,2025-10-31 13:15:00,25809.85,25796.85,25799.85,2025-10-31,13:15:00,25803.99688016114,4,50
25792.15,2025-10-31 13:20:00,25809.6,25791.0,25807.7,2025-10-31,13:20:00,25802.86860586008,4,51
25777.7,2025-10-31 13:25:00,25792.35,25773.6,25791.65,2025-10-31,13:25:00,25800.471595778166,4,52
25781.75,2025-10-31 13:30:00,25784.2,25771.0,25776.6,2025-10-31,13:30:00,25798.688586656437,4,53
25762.6,2025-10-31 13:35:00,25782.95,25759.15,25780.85,2025-10-31,13:35:00,25795.25157840344,4,54
25765.35,2025-10-31 13:40:00,25771.75,25759.8,25762.25,2025-10-31,13:40:00,25792.403809031683,4,55
25761.35,2025-10-31 13:45:00,25770.15,25754.15,25764.1,2025-10-31,13:45:00,25789.44630340962,4,56
25769.25,2025-10-31 13:50:00,25769.9,25758.8,25760.15,2025-10-31,13:50:00,25787.522845942036,4,57
25775.35,2025-10-31 13:55:00,25782.15,25766.85,25768.1,2025-10-31,13:55:00,25786.36352728089,4,58
25782.45,2025-10-31 14:00:00,25790.1,25763.65,25774.05,2025-10-31,14:00:00,25785.990810396997,4,59
25774.8,2025-10-31 14:05:00,25782.5,25763.65,25780.55,2025-10-31,14:05:00,25784.92501893062,4,60
25777.4,2025-10-31 14:10:00,25779.5,25767.45,25774.7,2025-10-31,14:10:00,25784.208350461035,4,61
25764.45,2025-10-31 14:15:00,25777.25,25743.0,25777.25,2025-10-31,14:15:00,25782.32660279808,4,62
25760.55,2025-10-31 14:20:00,25764.8,25752.65,25763.75,2025-10-31,14:20:00,25780.25264062683,4,63
25782.1,2025-10-31 14:25:00,25785.0,25757.9,25760.0,2025-10-31,14:25:00,25780.428579614752,4,64
25781.8,2025-10-31 14:30:00,25786.4,25774.2,25781.75,2025-10-31,14:30:00,25780.559191080014,4,65
25774.0,2025-10-31 14:35:00,25781.45,25759.35,25781.1,2025-10-31,14:35:00,25779.934506215253,4,66
25774.25,2025-10-31 14:40:00,25780.75,25768.95,25772.85,2025-10-31,14:40:00,25779.393124670944,4,67
25768.35,2025-10-31 14:45:00,25772.95,25763.55,25772.75,2025-10-31,14:45:00,25778.34139851181,4,68
25742.4,2025-10-31 14:50:00,25770.9,25740.8,25770.9,2025-10-31,14:50:00,25774.918408177353,4,69
25754.8,2025-10-31 14:55:00,25759.15,25742.4,25742.4,2025-10-31,14:55:00,25773.002369303318,4,70
25724.45,2025-10-31 15:00:00,25751.55,25722.05,25750.45,2025-10-31,15:00:00,25768.378334131576,4,71
25718.55,2025-10-31 15:05:00,25727.5,25716.8,25723.8,2025-10-31,15:05:00,25763.632778499996,4,72
25715.75,2025-10-31 15:10:00,25723.1,25713.0,25718.75,2025-10-31,15:10:00,25759.07251388095,4,73
25713.35,2025-10-31 15:15:00,25728.4,25711.4,25715.65,2025-10-31,15:15:00,25754.717988749428,4,74
25728.35,2025-10-31 15:20:00,25730.75,25712.4,25714.75,2025-10-31,15:20:00,25752.206751725673,4,75
25732.55,2025-10-31 15:25:00,25736.25,25722.25,25728.05,2025-10-31,15:25:00,25750.334680132753,4,76
25696.85,2025-11-03 09:10:00,25696.85,25696.85,25696.85,2025-11-03,09:10:00,25745.24090107249,0,1
25687.85,2025-11-03 09:15:00,25737.45,25659.2,25694.1,2025-11-03,09:15:00,25739.77510097035,0,2
25675.05,2025-11-03 09:20:00,25706.5,25664.6,25687.45,2025-11-03,09:20:00,25733.61080563984,0,3
25678.6,2025-11-03 09:25:00,25686.1,25665.45,25675.3,2025-11-03,09:25:00,25728.37168129319,0,4
25666.95,2025-11-03 09:30:00,25677.7,25645.95,25677.7,2025-11-03,09:30:00,25722.521997360505,0,5
25709.7,2025-11-03 09:35:00,25709.7,25662.15,25667.7,2025-11-03,09:35:00,25721.300854754743,0,6
25723.25,2025-11-03 09:40:00,25739.0,25709.3,25709.3,2025-11-03,09:40:00,25721.486487635244,0,7
25751.45,2025-11-03 09:45:00,25753.1,25721.9,25722.5,2025-11-03,09:45:00,25724.340155479505,0,8
25743.6,2025-11-03 09:50:00,25756.2,25738.9,25751.45,2025-11-03,09:50:00,25726.17442638622,0,9
25759.9,2025-11-03 09:55:00,25761.5,25740.6,25741.9,2025-11-03,09:55:00,25729.38638577801,0,10
25724.2,2025-11-03 10:00:00,25761.3,25719.3,25759.45,2025-11-03,10:00:00,25728.89244427534,0,11
25712.8,2025-11-03 10:05:00,25730.05,25708.25,25724.0,2025-11-03,10:05:00,25727.35983053483,0,12
25712.35,2025-11-03 10:10:00,25724.6,25710.65,25713.2,2025-11-03,10:10:00,25725.930322864846,0,13
25714.05,2025-11-03 10:15:00,25729.1,25695.35,25711.85,2025-11-03,10:15:00,25724.798863544383,0,14
25723.6,2025-11-03 10:20:00,25727.4,25707.9,25715.2,2025-11-03,10:20:00,25724.684686063963,0,15
25729.3,2025-11-03 10:25:00,25730.35,25712.15,25724.05,2025-11-03,10:25:00,25725.124239772158,0,16
25730.55,2025-11-03 10:30:00,25735.05,25718.4,25727.5,2025-11-03,10:30:00,25725.640978841475,0,17
25758.85,2025-11-03 10:35:00,25762.2,25729.0,25730.0,2025-11-03,10:35:00,25728.803742761334,0,18
25771.05,2025-11-03 10:40:00,25771.55,25751.35,25758.85,2025-11-03,10:40:00,25732.827195831684,0,19
25752.4,2025-11-03 10:45:00,25773.3,25751.45,25772.15,2025-11-03,10:45:00,25734.691272419142,0,20
25744.35,2025-11-03 10:50:00,25753.55,25740.15,25753.55,2025-11-03,10:50:00,25735.611151236364,0,21
25749.25,2025-11-03 10:55:00,25750.1,25736.7,25744.1,2025-11-03,10:55:00,25736.910089213852,0,22
25751.8,2025-11-03 11:00:00,25758.5,25746.5,25749.35,2025-11-03,11:00:00,25738.32817595539,0,23
25758.3,2025-11-03 11:05:00,25759.7,25750.4,25752.2,2025-11-03,11:05:00,25740.23025443583,0,24
25753.9,2025-11-03 11:10:00,25761.75,25753.25,25758.35,2025-11-03,11:10:00,25741.532134965753,0,25
25757.45,2025-11-03 11:15:00,25758.35,25748.25,25753.95,2025-11-03,11:15:00,25743.04812211187,0,26
25758.3,2025-11-03 11:20:00,25760.9,25749.7,25757.1,2025-11-03,11:20:00,25744.500681910744,0,27
25753.8,2025-11-03 11:25:00,25758.9,25743.1,25758.8,2025-11-03,11:25:00,25745.38633125258,0,28
25752.45,2025-11-03 11:30:00,25758.0,25750.0,25753.3,2025-11-03,11:30:00,25746.059061609478,0,29
25736.2,2025-11-03 11:35:00,25752.35,25734.8,25752.35,2025-11-03,11:35:00,25745.120103360954,0,30
25726.1,2025-11-03 11:40:00,25736.75,25723.85,25736.5,2025-11-03,11:40:00,25743.308664945624,0,31
25727.05,2025-11-03 11:45:00,25729.85,25714.2,25725.7,2025-11-03,11:45:00,25741.760220665088,0,32
25722.65,2025-11-03 11:50:00,25734.5,25707.85,25727.45,2025-11-03,11:50:00,25739.940199649365,0,33
25724.9,2025-11-03 11:55:00,25737.4,25722.0,25722.6,2025-11-03,11:55:00,25738.50779968276,0,34
25721.75,2025-11-03 12:00:00,25726.4,25715.75,25724.65,2025-11-03,12:00:00,25736.911818760593,0,35
25711.8,2025-11-03 12:05:00,25726.0,25708.4,25721.8,2025-11-03,12:05:00,25734.52021697387,0,36
25702.7,2025-11-03 12:10:00,25714.0,25700.6,25711.1,2025-11-03,12:10:00,25731.489720119214,0,37
25718.4,2025-11-03 12:15:00,25718.9,25699.8,25703.1,2025-11-03,12:15:00,25730.24308010786,0,38
25719.6,2025-11-03 12:20:00,25733.8,25716.4,25718.55,2025-11-03,12:20:00,25729.229453430922,0,39
25713.35,2025-11-03 12:25:00,25721.7,25709.15,25719.4,2025-11-03,12:25:00,25727.71712453274,0,40
25713.1,2025-11-03 12:30:00,25714.35,25697.0,25713.9,2025-11-03,12:30:00,25726.325017434385,0,41
25717.95,2025-11-03 12:35:00,25720.15,25703.8,25713.0,2025-11-03,12:35:00,25725.527396726346,0,42
25733.2,2025-11-03 12:40:00,25737.1,25718.35,25718.35,2025-11-03,12:40:00,25726.258120847644,0,43
25742.25,2025-11-03 12:45:00,25744.15,25727.9,25732.5,2025-11-03,12:45:00,25727.78115695739,0,44
25737.5,2025-11-03 12:50:00,25744.25,25729.9,25741.8,2025-11-03,12:50:00,25728.70676105669,0,45
25755.05,2025-11-03 12:55:00,25755.95,25734.8,25737.25,2025-11-03,12:55:00,25731.21564095605,0,46
25743.75,2025-11-03 13:00:00,25759.8,25743.5,25754.35,2025-11-03,13:00:00,25732.409389436423,0,47
25756.55,2025-11-03 13:05:00,25757.05,25737.55,25743.4,2025-11-03,13:05:00,25734.708495204384,0,48
25752.1,2025-11-03 13:10:00,25758.15,25748.7,25756.7,2025-11-03,13:10:00,25736.364828994443,0,49
25759.6,2025-11-03 13:15:00,25764.7,25749.65,25752.0,2025-11-03,13:15:00,25738.577702423543,0,50
25753.45,2025-11-03 13:20:00,25763.6,25751.35,25759.7,2025-11-03,13:20:00,25739.99411171654,0,51
25754.3,2025-11-03 13:25:00,25754.45,25738.2,25753.45,2025-11-03,13:25:00,25741.356577267346,0,52
25758.6,2025-11-03 13:30:00,25763.1,25749.25,25754.05,2025-11-03,13:30:00,25742.99880800379,0,53
25753.1,2025-11-03 13:35:00,25763.05,25751.05,25758.65,2025-11-03,13:35:00,25743.960826289145,0,54
25755.55,2025-11-03 13:40:00,25770.8,25751.65,25752.3,2025-11-03,13:40:00,25745.064557118752,0,55
25735.7,2025-11-03 13:45:00,25757.85,25732.15,25755.2,2025-11-03,13:45:00,25744.172694536013,0,56
25741.0,2025-11-03 13:50:00,25744.95,25726.95,25736.4,2025-11-03,13:50:00,25743.870533151632,0,57
25765.25,2025-11-03 13:55:00,25765.6,25741.6,25741.6,2025-11-03,13:55:00,25745.906672851477,0,58
25767.8,2025-11-03 14:00:00,25780.35,25764.45,25765.15,2025-11-03,14:00:00,25747.991751627527,0,59
25756.15,2025-11-03 14:05:00,25769.35,25751.0,25767.6,2025-11-03,14:05:00,25748.768727663002,0,60
25770.8,2025-11-03 14:10:00,25772.35,25754.55,25755.6,2025-11-03,14:10:00,25750.86694407605,0,61
25786.7,2025-11-03 14:15:00,25797.85,25770.25,25771.1,2025-11-03,14:15:00,25754.27961606881,0,62
25796.95,2025-11-03 14:20:00,25802.5,25785.0,25786.35,2025-11-03,14:20:00,25758.343462157492,0,63
25783.65,2025-11-03 14:25:00,25797.4,25782.35,25796.35,2025-11-03,14:25:00,25760.75360861868,0,64
25774.5,2025-11-03 14:30:00,25788.8,25773.75,25783.2,2025-11-03,14:30:00,25762.062788750234,0,65
25778.15,2025-11-03 14:35:00,25779.3,25771.25,25774.65,2025-11-03,14:35:00,25763.594904107355,0,66
25775.35,2025-11-03 14:40:00,25781.1,25770.25,25777.45,2025-11-03,14:40:00,25764.71443704951,0,67
25746.25,2025-11-03 14:45:00,25777.15,25744.65,25777.15,2025-11-03,14:45:00,25762.95591923527,0,68
25758.35,2025-11-03 14:50:00,25762.1,25736.55,25745.25,2025-11-03,14:50:00,25762.517260260483,0,69
25759.0,2025-11-03 14:55:00,25765.0,25751.55,25757.75,2025-11-03,14:55:00,25762.182283092818,0,70
25752.65,2025-11-03 15:00:00,25758.85,25747.2,25758.85,2025-11-03,15:00:00,25761.274446607786,0,71
25764.9,2025-11-03 15:05:00,25767.0,25750.0,25752.6,2025-11-03,15:05:00,25761.619737407043,0,72
25765.95,2025-11-03 15:10:00,25773.0,25760.0,25764.85,2025-11-03,15:10:00,25762.03214336828,0,73
25769.9,2025-11-03 15:15:00,25774.25,25765.35,25765.6,2025-11-03,15:15:00,25762.781463047493,0,74
25767.25,2025-11-03 15:20:00,25770.55,25761.75,25769.4,2025-11-03,15:20:00,25763.20703799535,0,75
25774.3,2025-11-03 15:25:00,25785.9,25764.45,25767.0,2025-11-03,15:25:00,25764.263510567223,0,76
